,image,ahash,hamming_distance
126,<PIL.PngImagePlugin.PngImageFile image mode=RGBA size=200x200 at 0x140EB61C0>,fdf9d3830040c7cf,0
195,<PIL.PngImagePlugin.PngImageFile image mode=RGBA size=200x200 at 0x140ED5040>,fdf9e3830040c0e3,4
1,<PIL.PngImagePlugin.PngImageFile image mode=RGBA size=200x200 at 0x140DE5580>,f9f3c380e0f1c71f,8
356,<PIL.PngImagePlugin.PngImageFile image mode=RGBA size=200x200 at 0x140F256D0>,fff38180000017bf,8
292,<PIL.PngImagePlugin.PngImageFile image mode=RGBA size=200x200 at 0x140F06E50>,fcf3e38300c0f1e7,8
268,<PIL.PngImagePlugin.PngImageFile image mode=RGBA size=200x200 at 0x140EFCF40>,f7b38303030080cf,9
391,<PIL.PngImagePlugin.PngImageFile image mode=RGBA size=200x200 at 0x140F3A520>,fbf7cf80000099ff,9
13,<PIL.PngImagePlugin.PngImageFile image mode=RGBA size=200x200 at 0x140DE0E80>,fcf9f0f8f9f3c71f,10
80,<PIL.PngImagePlugin.PngImageFile image mode=RGBA size=200x200 at 0x140E9FEE0>,fdfbf7ef800005ff,10
32,<PIL.PngImagePlugin.PngImageFile image mode=RGBA size=200x200 at 0x140DE9A90>,e0f9f381f0f8f38f,10
392,<PIL.PngImagePlugin.PngImageFile image mode=RGBA size=200x200 at 0x140F348B0>,f7e7c7810000c0fd,10
14,<PIL.PngImagePlugin.PngImageFile image mode=RGBA size=200x200 at 0x140C9EA90>,f8e38f83c1e3c71f,10
25,<PIL.PngImagePlugin.PngImageFile image mode=RGBA size=200x200 at 0x140E2DD60>,f8f9f0f8fcf1c71f,10
385,<PIL.PngImagePlugin.PngImageFile image mode=RGBA size=200x200 at 0x140F342B0>,fdf9e3c7b02989f9,10
246,<PIL.PngImagePlugin.PngImageFile image mode=RGBA size=200x200 at 0x140EEC3A0>,f9f3ef800000fcfd,10
325,<PIL.PngImagePlugin.PngImageFile image mode=RGBA size=200x200 at 0x140F131C0>,fcf9f3f1f9e3cf3f,10
211,<PIL.PngImagePlugin.PngImageFile image mode=RGBA size=200x200 at 0x140EDC370>,fdc30383c3c1c1e1,10
94,<PIL.PngImagePlugin.PngImageFile image mode=RGBA size=200x200 at 0x140E9F100>,f88183c3c7c7c7c7,10
328,<PIL.PngImagePlugin.PngImageFile image mode=RGBA size=200x200 at 0x140F13760>,fdfcfef880800f3f,10
369,<PIL.PngImagePlugin.PngImageFile image mode=RGBA size=200x200 at 0x140F29250>,fdf8dcb0e103070f,10
217,<PIL.PngImagePlugin.PngImageFile image mode=RGBA size=200x200 at 0x140EDBE20>,fde0c08080003eff,10
34,<PIL.PngImagePlugin.PngImageFile image mode=RGBA size=200x200 at 0x140DE9340>,fff3f3e3d3f3879f,10
376,<PIL.PngImagePlugin.PngImageFile image mode=RGBA size=200x200 at 0x140F295E0>,f7f4a0200020347f,10
56,<PIL.PngImagePlugin.PngImageFile image mode=RGBA size=200x200 at 0x140E80C70>,fcf9e1c08000b9fb,11
367,<PIL.PngImagePlugin.PngImageFile image mode=RGBA size=200x200 at 0x140F29A30>,f9f0c0800081f1f3,11
48,<PIL.PngImagePlugin.PngImageFile image mode=RGBA size=200x200 at 0x140E8ABB0>,fce8e0820677f7ff,11
249,<PIL.PngImagePlugin.PngImageFile image mode=RGBA size=200x200 at 0x140EF0FD0>,fcf8e080800e1ebf,11
312,<PIL.PngImagePlugin.PngImageFile image mode=RGBA size=200x200 at 0x140F0C4C0>,f9f3efd8000039f3,11
111,<PIL.PngImagePlugin.PngImageFile image mode=RGBA size=200x200 at 0x140EAB790>,fdf0e0c0801f3f7f,11
262,<PIL.PngImagePlugin.PngImageFile image mode=RGBA size=200x200 at 0x140EEA7C0>,f8f0c0800c3dfdff,11
60,<PIL.PngImagePlugin.PngImageFile image mode=RGBA size=200x200 at 0x140DBA220>,f9fbf7efc080041f,11
288,<PIL.PngImagePlugin.PngImageFile image mode=RGBA size=200x200 at 0x140F03610>,dfb7a3000001377f,11
295,<PIL.PngImagePlugin.PngImageFile image mode=RGBA size=200x200 at 0x140F06130>,fdc9c1c9e0860e3f,11
67,<PIL.PngImagePlugin.PngImageFile image mode=RGBA size=200x200 at 0x140E9CA00>,c00d8f8fc7c7c7cf,11
142,<PIL.PngImagePlugin.PngImageFile image mode=RGBA size=200x200 at 0x140EAB3D0>,fdf183e707e3e087,11
179,<PIL.PngImagePlugin.PngImageFile image mode=RGBA size=200x200 at 0x140ECE4F0>,fce1830340c081fd,11
336,<PIL.PngImagePlugin.PngImageFile image mode=RGBA size=200x200 at 0x140F133A0>,fcf8c38f9f9fbf7f,11
76,<PIL.PngImagePlugin.PngImageFile image mode=RGBA size=200x200 at 0x140E802B0>,80f1f3c3e0f9f30f,11
173,<PIL.PngImagePlugin.PngImageFile image mode=RGBA size=200x200 at 0x140ECC940>,fcf880820637ffff,11
124,<PIL.PngImagePlugin.PngImageFile image mode=RGBA size=200x200 at 0x140EB6D90>,fdfb478fb78680c3,11
167,<PIL.PngImagePlugin.PngImageFile image mode=RGBA size=200x200 at 0x140EC3760>,fdc9891ddddcc01f,11
243,<PIL.PngImagePlugin.PngImageFile image mode=RGBA size=200x200 at 0x140EF08B0>,dfd7b784000107bf,11
293,<PIL.PngImagePlugin.PngImageFile image mode=RGBA size=200x200 at 0x140F061F0>,f7f7efcf8080001f,11
229,<PIL.PngImagePlugin.PngImageFile image mode=RGBA size=200x200 at 0x140EE6D00>,c1a3ef8000f9e79f,11
382,<PIL.PngImagePlugin.PngImageFile image mode=RGBA size=200x200 at 0x140F298B0>,fefcb80000040d9f,11
108,<PIL.PngImagePlugin.PngImageFile image mode=RGBA size=200x200 at 0x140EA3A90>,fefdfb87030000f9,11
9,<PIL.PngImagePlugin.PngImageFile image mode=RGBA size=200x200 at 0x140E91B20>,fcf081818181071f,11
18,<PIL.PngImagePlugin.PngImageFile image mode=RGBA size=200x200 at 0x140DE5520>,fbf3e7c3810000c1,11
199,<PIL.PngImagePlugin.PngImageFile image mode=RGBA size=200x200 at 0x140ED2400>,fcf8f9fbf080067f,11
381,<PIL.PngImagePlugin.PngImageFile image mode=RGBA size=200x200 at 0x140F3ABE0>,fffff3e180800137,11
379,<PIL.PngImagePlugin.PngImageFile image mode=RGBA size=200x200 at 0x140F344C0>,e380f3e380f0f39f,11
8,<PIL.PngImagePlugin.PngImageFile image mode=RGBA size=200x200 at 0x140E8C520>,f8e7c3c0f8f3c71f,11
7,<PIL.PngImagePlugin.PngImageFile image mode=RGBA size=200x200 at 0x140E8C0A0>,f1f0fcfcf9f3c71f,11
105,<PIL.PngImagePlugin.PngImageFile image mode=RGBA size=200x200 at 0x140EAB550>,fdf3e7d880003cfd,11
26,<PIL.PngImagePlugin.PngImageFile image mode=RGBA size=200x200 at 0x140E2DE50>,c1f1f303e0f8f18f,11
324,<PIL.PngImagePlugin.PngImageFile image mode=RGBA size=200x200 at 0x140F13370>,bf99000000808eff,11
30,<PIL.PngImagePlugin.PngImageFile image mode=RGBA size=200x200 at 0x140E91BB0>,f3c7c1c0f0f1c71f,11
216,<PIL.PngImagePlugin.PngImageFile image mode=RGBA size=200x200 at 0x140EDC8E0>,fdf3ef8111f7c000,11
31,<PIL.PngImagePlugin.PngImageFile image mode=RGBA size=200x200 at 0x140E2D4F0>,f8e3e1e0f0f0e71f,11
133,<PIL.PngImagePlugin.PngImageFile image mode=RGBA size=200x200 at 0x140EB9580>,f3e7df8100fcfcf3,11
204,<PIL.PngImagePlugin.PngImageFile image mode=RGBA size=200x200 at 0x140EDC910>,fcf8f0e000050fbf,11
146,<PIL.PngImagePlugin.PngImageFile image mode=RGBA size=200x200 at 0x140EC0B80>,f00000808081878f,11
201,<PIL.PngImagePlugin.PngImageFile image mode=RGBA size=200x200 at 0x140ED9CA0>,dfdf8383030080f1,11
2,<PIL.PngImagePlugin.PngImageFile image mode=RGBA size=200x200 at 0x140A4FE80>,f9e3cf0100f0f38f,11
39,<PIL.PngImagePlugin.PngImageFile image mode=RGBA size=200x200 at 0x140DE9190>,f3e3c1810180c0f1,11
6,<PIL.PngImagePlugin.PngImageFile image mode=RGBA size=200x200 at 0x140E8CE80>,e787df8000f9f38f,11
383,<PIL.PngImagePlugin.PngImageFile image mode=RGBA size=200x200 at 0x140F34550>,f1c1f3f3e0ccf10f,11
110,<PIL.PngImagePlugin.PngImageFile image mode=RGBA size=200x200 at 0x140EABB20>,f3f9c0f1e3801cfb,12
338,<PIL.PngImagePlugin.PngImageFile image mode=RGBA size=200x200 at 0x140F1CBB0>,f9e78f0100e0f9e3,12
337,<PIL.PngImagePlugin.PngImageFile image mode=RGBA size=200x200 at 0x140F18EB0>,efc381810080f0fc,12
101,<PIL.PngImagePlugin.PngImageFile image mode=RGBA size=200x200 at 0x140EA3C40>,f3c79f300080fdfd,12
159,<PIL.PngImagePlugin.PngImageFile image mode=RGBA size=200x200 at 0x140EC0B20>,f9b1b3f3f30042fd,12
334,<PIL.PngImagePlugin.PngImageFile image mode=RGBA size=200x200 at 0x140F10490>,f8fc09938f9f9f9f,12
291,<PIL.PngImagePlugin.PngImageFile image mode=RGBA size=200x200 at 0x140F06D90>,d08413f3f3f08ccd,12
316,<PIL.PngImagePlugin.PngImageFile image mode=RGBA size=200x200 at 0x140F10E50>,fcf1f1f0f9f3cf3f,12
282,<PIL.PngImagePlugin.PngImageFile image mode=RGBA size=200x200 at 0x140EFB220>,fcfcf0c39fbf3f7f,12
313,<PIL.PngImagePlugin.PngImageFile image mode=RGBA size=200x200 at 0x140F08940>,fefce1c3df9f3f7f,12
284,<PIL.PngImagePlugin.PngImageFile image mode=RGBA size=200x200 at 0x140F03F70>,f1c08080007cfdfd,12
329,<PIL.PngImagePlugin.PngImageFile image mode=RGBA size=200x200 at 0x140F10C70>,fcfcf8e3c79f7f7f,12
326,<PIL.PngImagePlugin.PngImageFile image mode=RGBA size=200x200 at 0x140F0C6D0>,fde8d8b836050f9f,12
89,<PIL.PngImagePlugin.PngImageFile image mode=RGBA size=200x200 at 0x140EA3190>,83839fcdc00fcfcf,12
283,<PIL.PngImagePlugin.PngImageFile image mode=RGBA size=200x200 at 0x140F03C70>,f38000fbe7c3c7df,12
69,<PIL.PngImagePlugin.PngImageFile image mode=RGBA size=200x200 at 0x140E977F0>,f8f0c6876fff801f,12
78,<PIL.PngImagePlugin.PngImageFile image mode=RGBA size=200x200 at 0x140E97130>,fef8e3cf9f3f3f3f,12
228,<PIL.PngImagePlugin.PngImageFile image mode=RGBA size=200x200 at 0x140EEAB80>,e787fcf18000f3cf,12
15,<PIL.PngImagePlugin.PngImageFile image mode=RGBA size=200x200 at 0x140A66700>,f0f1f0fcf9e3cf3f,12
17,<PIL.PngImagePlugin.PngImageFile image mode=RGBA size=200x200 at 0x140DE5430>,fef9e3cf3f2b0b0b,12
28,<PIL.PngImagePlugin.PngImageFile image mode=RGBA size=200x200 at 0x140A66910>,fcf9f0f8f9e38f3f,12
237,<PIL.PngImagePlugin.PngImageFile image mode=RGBA size=200x200 at 0x140EDB250>,cf8ff9e18000f3cf,12
370,<PIL.PngImagePlugin.PngImageFile image mode=RGBA size=200x200 at 0x140F2EEB0>,efc7c3a0b0303f3f,12
45,<PIL.PngImagePlugin.PngImageFile image mode=RGBA size=200x200 at 0x140E2D130>,f1f0f8f9f3e7cf3f,12
368,<PIL.PngImagePlugin.PngImageFile image mode=RGBA size=200x200 at 0x140F25580>,f3c100c0c1e3c78f,12
51,<PIL.PngImagePlugin.PngImageFile image mode=RGBA size=200x200 at 0x140E80670>,f9f9f1f0f8f9e30f,12
79,<PIL.PngImagePlugin.PngImageFile image mode=RGBA size=200x200 at 0x140E9C8B0>,e7c3c1810080e0f9,12
252,<PIL.PngImagePlugin.PngImageFile image mode=RGBA size=200x200 at 0x140EF4D90>,fefcf8e40513f7f7,12
251,<PIL.PngImagePlugin.PngImageFile image mode=RGBA size=200x200 at 0x140EF4940>,fcf8e0c080810f3f,12
130,<PIL.PngImagePlugin.PngImageFile image mode=RGBA size=200x200 at 0x140EB9A00>,f9f3c50000fcfdfb,12
77,<PIL.PngImagePlugin.PngImageFile image mode=RGBA size=200x200 at 0x140E9C400>,e7c3830100c0f0f9,12
347,<PIL.PngImagePlugin.PngImageFile image mode=RGBA size=200x200 at 0x140F1BF70>,e78f01f380e0f39f,12
348,<PIL.PngImagePlugin.PngImageFile image mode=RGBA size=200x200 at 0x140F1BB20>,bf9f01000080fdff,12
259,<PIL.PngImagePlugin.PngImageFile image mode=RGBA size=200x200 at 0x140EF5A30>,c303ef8300f8f9e7,12
349,<PIL.PngImagePlugin.PngImageFile image mode=RGBA size=200x200 at 0x140F258E0>,fefc04e1c390311f,12
73,<PIL.PngImagePlugin.PngImageFile image mode=RGBA size=200x200 at 0x140E9CC70>,fcf8f1f3f3e78f3f,12
351,<PIL.PngImagePlugin.PngImageFile image mode=RGBA size=200x200 at 0x140F1B550>,cf8387838383878f,12
63,<PIL.PngImagePlugin.PngImageFile image mode=RGBA size=200x200 at 0x140E80C40>,fcf9f8fcf9e38f3f,12
359,<PIL.PngImagePlugin.PngImageFile image mode=RGBA size=200x200 at 0x140F259A0>,ffcd89858180810f,12
281,<PIL.PngImagePlugin.PngImageFile image mode=RGBA size=200x200 at 0x140EF5280>,f3ef8c0001f3cf9f,12
294,<PIL.PngImagePlugin.PngImageFile image mode=RGBA size=200x200 at 0x140EFB850>,fefcfce1839f7f7f,13
145,<PIL.PngImagePlugin.PngImageFile image mode=RGBA size=200x200 at 0x140EB8250>,fc38240d19fbf7ef,13
296,<PIL.PngImagePlugin.PngImageFile image mode=RGBA size=200x200 at 0x140F038E0>,fcf8e5c1a33f3f3f,13
143,<PIL.PngImagePlugin.PngImageFile image mode=RGBA size=200x200 at 0x140EB2400>,f7c18177c080fdf3,13
148,<PIL.PngImagePlugin.PngImageFile image mode=RGBA size=200x200 at 0x140EC0D30>,870f9f9f8c83cfcf,13
147,<PIL.PngImagePlugin.PngImageFile image mode=RGBA size=200x200 at 0x140EC0F70>,830f8f8f8f8c878f,13
393,<PIL.PngImagePlugin.PngImageFile image mode=RGBA size=200x200 at 0x140F3A340>,f0f3cf1f1f1f1f9f,13
280,<PIL.PngImagePlugin.PngImageFile image mode=RGBA size=200x200 at 0x140EFB490>,fcf8f8f2e6c50727,13
212,<PIL.PngImagePlugin.PngImageFile image mode=RGBA size=200x200 at 0x140EDB9A0>,e10587878f8cc3c7,13
231,<PIL.PngImagePlugin.PngImageFile image mode=RGBA size=200x200 at 0x140EDB4F0>,f0c78787870f0f1f,13
232,<PIL.PngImagePlugin.PngImageFile image mode=RGBA size=200x200 at 0x140EE6C40>,f98f0f0f0f0f0f1f,13
207,<PIL.PngImagePlugin.PngImageFile image mode=RGBA size=200x200 at 0x140ED5580>,8103e1c0f8fbe7cf,13
202,<PIL.PngImagePlugin.PngImageFile image mode=RGBA size=200x200 at 0x140ED9FA0>,fcf0c501f3e7df3f,13
200,<PIL.PngImagePlugin.PngImageFile image mode=RGBA size=200x200 at 0x140ED5250>,f7ef9c0000fdf9f3,13
186,<PIL.PngImagePlugin.PngImageFile image mode=RGBA size=200x200 at 0x140ED2F10>,c1c1c3c3c3c3c3e1,13
184,<PIL.PngImagePlugin.PngImageFile image mode=RGBA size=200x200 at 0x140ECE190>,810487878781879f,13
182,<PIL.PngImagePlugin.PngImageFile image mode=RGBA size=200x200 at 0x140EC53A0>,3f0000ddf9f3e7cf,13
265,<PIL.PngImagePlugin.PngImageFile image mode=RGBA size=200x200 at 0x140EF4820>,9fb7a7232100001f,13
161,<PIL.PngImagePlugin.PngImageFile image mode=RGBA size=200x200 at 0x140EC5880>,fcfcfbe3c9096ce7,13
180,<PIL.PngImagePlugin.PngImageFile image mode=RGBA size=200x200 at 0x140ECE910>,fcfcfdfdfc8035fd,13
272,<PIL.PngImagePlugin.PngImageFile image mode=RGBA size=200x200 at 0x140EF5400>,f8f0e0c48dbd3f7f,13
172,<PIL.PngImagePlugin.PngImageFile image mode=RGBA size=200x200 at 0x140ECCBB0>,f3e4d8b2041dfbf3,13
171,<PIL.PngImagePlugin.PngImageFile image mode=RGBA size=200x200 at 0x140ECCEE0>,f9f1c598a00e3dfb,13
273,<PIL.PngImagePlugin.PngImageFile image mode=RGBA size=200x200 at 0x140EFC220>,fcf8f0e0c60777e7,13
169,<PIL.PngImagePlugin.PngImageFile image mode=RGBA size=200x200 at 0x140ECC970>,f7c3810000c1f1f3,13
168,<PIL.PngImagePlugin.PngImageFile image mode=RGBA size=200x200 at 0x140EC5280>,fcfcfcfbf1c08c3d,13
275,<PIL.PngImagePlugin.PngImageFile image mode=RGBA size=200x200 at 0x140EFBBE0>,f38700e3cf8081e7,13
276,<PIL.PngImagePlugin.PngImageFile image mode=RGBA size=200x200 at 0x140EFBDC0>,c301e3e1c0f0fbe7,13
278,<PIL.PngImagePlugin.PngImageFile image mode=RGBA size=200x200 at 0x140EFCCA0>,e081e7cd00f1e30f,13
279,<PIL.PngImagePlugin.PngImageFile image mode=RGBA size=200x200 at 0x140EFC400>,c089fbe38001fbf7,13
178,<PIL.PngImagePlugin.PngImageFile image mode=RGBA size=200x200 at 0x140ECEE80>,e3e3e3f3f6e003f7,13
297,<PIL.PngImagePlugin.PngImageFile image mode=RGBA size=200x200 at 0x140F06A90>,f3e6ccbc300481c3,13
318,<PIL.PngImagePlugin.PngImageFile image mode=RGBA size=200x200 at 0x140F08370>,810d8f8fcfc0c0fb,13
350,<PIL.PngImagePlugin.PngImageFile image mode=RGBA size=200x200 at 0x140F18FA0>,bf00000000fdfdff,13
339,<PIL.PngImagePlugin.PngImageFile image mode=RGBA size=200x200 at 0x140F1CFA0>,fe3411031f9f9f9f,13
340,<PIL.PngImagePlugin.PngImageFile image mode=RGBA size=200x200 at 0x140F1C310>,efe7c78020313f3f,13
341,<PIL.PngImagePlugin.PngImageFile image mode=RGBA size=200x200 at 0x140F1C3A0>,9c3c39330f3f3f3f,13
343,<PIL.PngImagePlugin.PngImageFile image mode=RGBA size=200x200 at 0x140F1C6D0>,f0c1e1e0f8f9e71f,13
301,<PIL.PngImagePlugin.PngImageFile image mode=RGBA size=200x200 at 0x140F08820>,dd81c1fdc000fcfd,13
354,<PIL.PngImagePlugin.PngImageFile image mode=RGBA size=200x200 at 0x140F25CD0>,bf3f31000080fcfe,13
358,<PIL.PngImagePlugin.PngImageFile image mode=RGBA size=200x200 at 0x140F1C130>,f0d1f1e0f0f1e31f,13
363,<PIL.PngImagePlugin.PngImageFile image mode=RGBA size=200x200 at 0x140F29F10>,f3f7efcfd980000c,13
58,<PIL.PngImagePlugin.PngImageFile image mode=RGBA size=200x200 at 0x140E80B50>,efcf8100f0f9e3cf,13
57,<PIL.PngImagePlugin.PngImageFile image mode=RGBA size=200x200 at 0x140E80FA0>,f3f3f7f7f70000fc,13
364,<PIL.PngImagePlugin.PngImageFile image mode=RGBA size=200x200 at 0x140F29BE0>,f9f8f8f1c39f3f7f,13
93,<PIL.PngImagePlugin.PngImageFile image mode=RGBA size=200x200 at 0x140EA3490>,e3018181c0c0e1e3,13
54,<PIL.PngImagePlugin.PngImageFile image mode=RGBA size=200x200 at 0x140DBA910>,e0f8f1e0f8f9e71f,13
49,<PIL.PngImagePlugin.PngImageFile image mode=RGBA size=200x200 at 0x140E8ADC0>,8e9c848efe1083ef,13
42,<PIL.PngImagePlugin.PngImageFile image mode=RGBA size=200x200 at 0x140DBAA90>,e081e3c1f0f9e31f,13
371,<PIL.PngImagePlugin.PngImageFile image mode=RGBA size=200x200 at 0x140F2E7F0>,c38173e7cf80818f,13
38,<PIL.PngImagePlugin.PngImageFile image mode=RGBA size=200x200 at 0x140E2D100>,efc4dcd8f820005f,13
37,<PIL.PngImagePlugin.PngImageFile image mode=RGBA size=200x200 at 0x140DE9250>,f3f72caec66e06c2,13
36,<PIL.PngImagePlugin.PngImageFile image mode=RGBA size=200x200 at 0x140DE5340>,9b999d938f9f13c0,13
33,<PIL.PngImagePlugin.PngImageFile image mode=RGBA size=200x200 at 0x140DE9EB0>,f1e1f1f0fcf9e71f,13
24,<PIL.PngImagePlugin.PngImageFile image mode=RGBA size=200x200 at 0x140E2D910>,0701c0f0f0f1e79f,13
23,<PIL.PngImagePlugin.PngImageFile image mode=RGBA size=200x200 at 0x140E912B0>,fbe0c0c080011f7f,13
19,<PIL.PngImagePlugin.PngImageFile image mode=RGBA size=200x200 at 0x140E91D60>,e7e7c381810000f8,13
386,<PIL.PngImagePlugin.PngImageFile image mode=RGBA size=200x200 at 0x140F3AE80>,f89c839f9f93403f,13
52,<PIL.PngImagePlugin.PngImageFile image mode=RGBA size=200x200 at 0x140DE9160>,fcf8f8f8f9e38f3f,13
331,<PIL.PngImagePlugin.PngImageFile image mode=RGBA size=200x200 at 0x140F18F10>,9fb7a7232100001f,13
221,<PIL.PngImagePlugin.PngImageFile image mode=RGBA size=200x200 at 0x140ED9670>,efcfdf990100009c,13
97,<PIL.PngImagePlugin.PngImageFile image mode=RGBA size=200x200 at 0x140EA6D00>,fcfcc4016bcf3f7f,13
127,<PIL.PngImagePlugin.PngImageFile image mode=RGBA size=200x200 at 0x140EAB220>,f8f0e0c0893d7f7f,13
308,<PIL.PngImagePlugin.PngImageFile image mode=RGBA size=200x200 at 0x140F0CFA0>,f9f0e0c080011dfd,13
305,<PIL.PngImagePlugin.PngImageFile image mode=RGBA size=200x200 at 0x140EF00A0>,dfcfc782a0111f3f,13
123,<PIL.PngImagePlugin.PngImageFile image mode=RGBA size=200x200 at 0x140EB6D30>,7f3f3f0000c0fdfd,13
309,<PIL.PngImagePlugin.PngImageFile image mode=RGBA size=200x200 at 0x140F0C340>,e7c79f0100c0f1f9,13
121,<PIL.PngImagePlugin.PngImageFile image mode=RGBA size=200x200 at 0x140EB20A0>,f9e000808181838f,13
132,<PIL.PngImagePlugin.PngImageFile image mode=RGBA size=200x200 at 0x140EB91C0>,fafef1f3e3c31b3b,13
118,<PIL.PngImagePlugin.PngImageFile image mode=RGBA size=200x200 at 0x140EAB1F0>,e007c7c3c3c7c7e3,13
314,<PIL.PngImagePlugin.PngImageFile image mode=RGBA size=200x200 at 0x140F0C430>,f0e0cd81377f7f7f,13
306,<PIL.PngImagePlugin.PngImageFile image mode=RGBA size=200x200 at 0x140F08250>,a40c3d330f1f3fbf,13
116,<PIL.PngImagePlugin.PngImageFile image mode=RGBA size=200x200 at 0x140EA3F40>,fc3c38300286feff,13
135,<PIL.PngImagePlugin.PngImageFile image mode=RGBA size=200x200 at 0x140EB26A0>,ffafaf07070001e3,13
138,<PIL.PngImagePlugin.PngImageFile image mode=RGBA size=200x200 at 0x140EB8A90>,f8fcf9e3dbb7001c,13
102,<PIL.PngImagePlugin.PngImageFile image mode=RGBA size=200x200 at 0x140EA6DC0>,f3e7d8b0041dfbf3,13
319,<PIL.PngImagePlugin.PngImageFile image mode=RGBA size=200x200 at 0x140F10190>,fefcf4c5c1c0803d,13
223,<PIL.PngImagePlugin.PngImageFile image mode=RGBA size=200x200 at 0x140EDC490>,dfdbb3b321000193,13
114,<PIL.PngImagePlugin.PngImageFile image mode=RGBA size=200x200 at 0x140EB2A60>,c38f8fcc07cfc7e7,13
307,<PIL.PngImagePlugin.PngImageFile image mode=RGBA size=200x200 at 0x140F0CCA0>,f8fcf1c79f3f3f3f,13
112,<PIL.PngImagePlugin.PngImageFile image mode=RGBA size=200x200 at 0x140EAE7F0>,2600dfdfdfcfcfdf,13
303,<PIL.PngImagePlugin.PngImageFile image mode=RGBA size=200x200 at 0x140F08100>,fcb08000063effff,13
302,<PIL.PngImagePlugin.PngImageFile image mode=RGBA size=200x200 at 0x140EFCD60>,bf9f000000e0fefe,13
304,<PIL.PngImagePlugin.PngImageFile image mode=RGBA size=200x200 at 0x140F06E80>,f0e0e0c79f3f7f7f,14
235,<PIL.PngImagePlugin.PngImageFile image mode=RGBA size=200x200 at 0x140EEA370>,8383ef9f1c00c8f9,14
374,<PIL.PngImagePlugin.PngImageFile image mode=RGBA size=200x200 at 0x140F2E580>,ece0cfffd0a03cfc,14
380,<PIL.PngImagePlugin.PngImageFile image mode=RGBA size=200x200 at 0x140F342E0>,f1f3e4203c1cfcfc,14
378,<PIL.PngImagePlugin.PngImageFile image mode=RGBA size=200x200 at 0x140F34F40>,f1910f8f88888987,14
240,<PIL.PngImagePlugin.PngImageFile image mode=RGBA size=200x200 at 0x140EEA6A0>,fcf0e0c0849d397b,14
226,<PIL.PngImagePlugin.PngImageFile image mode=RGBA size=200x200 at 0x140EE61C0>,8383e4848dcf9f7f,14
387,<PIL.PngImagePlugin.PngImageFile image mode=RGBA size=200x200 at 0x140F3A250>,f3e6f6c10333f3f7,14
390,<PIL.PngImagePlugin.PngImageFile image mode=RGBA size=200x200 at 0x140F2EE20>,1c1cbdb38f3f3f3f,14
230,<PIL.PngImagePlugin.PngImageFile image mode=RGBA size=200x200 at 0x140ED9C10>,c7cfcec8c78f0fcf,14
365,<PIL.PngImagePlugin.PngImageFile image mode=RGBA size=200x200 at 0x140F2EA60>,fee084bdf3810dff,14
242,<PIL.PngImagePlugin.PngImageFile image mode=RGBA size=200x200 at 0x140EEC790>,df9f9fb7030000e1,14
332,<PIL.PngImagePlugin.PngImageFile image mode=RGBA size=200x200 at 0x140F18190>,fcf8f0c081197bfb,14
333,<PIL.PngImagePlugin.PngImageFile image mode=RGBA size=200x200 at 0x140F18D00>,feecc1c3c1c1317b,14
323,<PIL.PngImagePlugin.PngImageFile image mode=RGBA size=200x200 at 0x140F13E50>,f9e08000043efdfd,14
271,<PIL.PngImagePlugin.PngImageFile image mode=RGBA size=200x200 at 0x140EF5C70>,ffc381b98191fbff,14
270,<PIL.PngImagePlugin.PngImageFile image mode=RGBA size=200x200 at 0x140EECFD0>,f8e0c0801c7cfdfd,14
342,<PIL.PngImagePlugin.PngImageFile image mode=RGBA size=200x200 at 0x140F13040>,feccc4c0c0047cfd,14
317,<PIL.PngImagePlugin.PngImageFile image mode=RGBA size=200x200 at 0x140F10310>,beb0000004bcfdff,14
372,<PIL.PngImagePlugin.PngImageFile image mode=RGBA size=200x200 at 0x140F2E190>,e0d9e0e8fbc000fd,14
357,<PIL.PngImagePlugin.PngImageFile image mode=RGBA size=200x200 at 0x140F29970>,fcf0c11c7c387efd,14
360,<PIL.PngImagePlugin.PngImageFile image mode=RGBA size=200x200 at 0x140F1B9A0>,8c1c99939f9f9f8f,14
287,<PIL.PngImagePlugin.PngImageFile image mode=RGBA size=200x200 at 0x140F031C0>,f3e980fcef0380fd,14
255,<PIL.PngImagePlugin.PngImageFile image mode=RGBA size=200x200 at 0x140EF41C0>,e7e79981fbf080bd,14
254,<PIL.PngImagePlugin.PngImageFile image mode=RGBA size=200x200 at 0x140EF44F0>,c78539fbf3e0c0fc,14
253,<PIL.PngImagePlugin.PngImageFile image mode=RGBA size=200x200 at 0x140EF4E20>,f38380f9f78080f9,14
330,<PIL.PngImagePlugin.PngImageFile image mode=RGBA size=200x200 at 0x140F18AC0>,efc1800000f9fbfb,14
366,<PIL.PngImagePlugin.PngImageFile image mode=RGBA size=200x200 at 0x140F1BBE0>,e7c3010080f0f9fb,14
264,<PIL.PngImagePlugin.PngImageFile image mode=RGBA size=200x200 at 0x140EF0BE0>,f3e1c101ffc1c0fd,14
298,<PIL.PngImagePlugin.PngImageFile image mode=RGBA size=200x200 at 0x140F067C0>,efefc7c6a0a1133f,14
0,<PIL.PngImagePlugin.PngImageFile image mode=RGBA size=200x200 at 0x140DE5BB0>,a333372f9f2001bf,14
162,<PIL.PngImagePlugin.PngImageFile image mode=RGBA size=200x200 at 0x140EC5CD0>,9d918d73cf8d8497,14
20,<PIL.PngImagePlugin.PngImageFile image mode=RGBA size=200x200 at 0x140DE5B80>,f7c78c1d1dccc09c,14
188,<PIL.PngImagePlugin.PngImageFile image mode=RGBA size=200x200 at 0x140ED2D00>,830f8f8f85878f8f,14
74,<PIL.PngImagePlugin.PngImageFile image mode=RGBA size=200x200 at 0x140E9CD90>,f8e3e1e1f1e78f3f,14
117,<PIL.PngImagePlugin.PngImageFile image mode=RGBA size=200x200 at 0x140EAEDC0>,870381c0e0f0f0f1,14
185,<PIL.PngImagePlugin.PngImageFile image mode=RGBA size=200x200 at 0x140ED2AC0>,87070f8f8f0f090f,14
183,<PIL.PngImagePlugin.PngImageFile image mode=RGBA size=200x200 at 0x140ECCB20>,e1e1e7e7e083e7e7,14
120,<PIL.PngImagePlugin.PngImageFile image mode=RGBA size=200x200 at 0x140EB21C0>,010f8f8e83cf8f8f,14
122,<PIL.PngImagePlugin.PngImageFile image mode=RGBA size=200x200 at 0x140EB68E0>,1f3f7f3f0300fefd,14
29,<PIL.PngImagePlugin.PngImageFile image mode=RGBA size=200x200 at 0x140C9ED90>,b393b7f10407f7f7,14
125,<PIL.PngImagePlugin.PngImageFile image mode=RGBA size=200x200 at 0x140EB6280>,f9e0c08039f9fbf3,14
35,<PIL.PngImagePlugin.PngImageFile image mode=RGBA size=200x200 at 0x140E91490>,e7c10000e1e3cf9f,14
170,<PIL.PngImagePlugin.PngImageFile image mode=RGBA size=200x200 at 0x140ECCDC0>,f1c79d0004fcf9f3,14
82,<PIL.PngImagePlugin.PngImageFile image mode=RGBA size=200x200 at 0x140E9F1C0>,e19113139393f1f8,14
136,<PIL.PngImagePlugin.PngImageFile image mode=RGBA size=200x200 at 0x140EB6B50>,f1803c3c3c3e9e8f,14
137,<PIL.PngImagePlugin.PngImageFile image mode=RGBA size=200x200 at 0x140EB9D60>,ffafaf0f07040167,14
163,<PIL.PngImagePlugin.PngImageFile image mode=RGBA size=200x200 at 0x140EC5FD0>,f8c080003efffdff,14
85,<PIL.PngImagePlugin.PngImageFile image mode=RGBA size=200x200 at 0x140E9F8E0>,27200fcfefcfcfef,14
47,<PIL.PngImagePlugin.PngImageFile image mode=RGBA size=200x200 at 0x140DBA4F0>,000d1f0f0f1f1f3f,14
158,<PIL.PngImagePlugin.PngImageFile image mode=RGBA size=200x200 at 0x140EB9670>,fdd080fdf38c1887,14
157,<PIL.PngImagePlugin.PngImageFile image mode=RGBA size=200x200 at 0x140EC33D0>,f0f1f1f9f8e193f3,14
156,<PIL.PngImagePlugin.PngImageFile image mode=RGBA size=200x200 at 0x140EC3E80>,bf3f3f1000dcfdfd,14
46,<PIL.PngImagePlugin.PngImageFile image mode=RGBA size=200x200 at 0x140DE9880>,f1c8b82c1c3c1c9f,14
44,<PIL.PngImagePlugin.PngImageFile image mode=RGBA size=200x200 at 0x140DBA250>,f9e3e1f0f8f9e30f,14
154,<PIL.PngImagePlugin.PngImageFile image mode=RGBA size=200x200 at 0x140EC3C40>,e70181c0c0e0e0f1,14
153,<PIL.PngImagePlugin.PngImageFile image mode=RGBA size=200x200 at 0x140EC0730>,870f8f8f8fcfc4e7,14
61,<PIL.PngImagePlugin.PngImageFile image mode=RGBA size=200x200 at 0x140E805E0>,f3c31a72e2e0f0f6,14
62,<PIL.PngImagePlugin.PngImageFile image mode=RGBA size=200x200 at 0x140E8A190>,e180f3c1f8f8f1c7,14
83,<PIL.PngImagePlugin.PngImageFile image mode=RGBA size=200x200 at 0x140EA3B80>,f9e78301f78780f9,14
104,<PIL.PngImagePlugin.PngImageFile image mode=RGBA size=200x200 at 0x140EABE20>,f3c79f0008fcf9f3,14
3,<PIL.PngImagePlugin.PngImageFile image mode=RGBA size=200x200 at 0x140C954F0>,f080fdf3ef0100fc,14
88,<PIL.PngImagePlugin.PngImageFile image mode=RGBA size=200x200 at 0x140EA3FD0>,f9dbadb8bca8002f,14
215,<PIL.PngImagePlugin.PngImageFile image mode=RGBA size=200x200 at 0x140ED9430>,f9f0e4dcb1a30307,14
214,<PIL.PngImagePlugin.PngImageFile image mode=RGBA size=200x200 at 0x140EDC340>,c703f8f3c300f0f9,14
213,<PIL.PngImagePlugin.PngImageFile image mode=RGBA size=200x200 at 0x140ED59A0>,bf3f3d00008efefe,14
210,<PIL.PngImagePlugin.PngImageFile image mode=RGBA size=200x200 at 0x140EDCE20>,87018f8f8e890f9f,14
4,<PIL.PngImagePlugin.PngImageFile image mode=RGBA size=200x200 at 0x140E31D60>,c0f0e701f1f1f30f,14
71,<PIL.PngImagePlugin.PngImageFile image mode=RGBA size=200x200 at 0x140E97100>,fec4c0000efefffd,14
206,<PIL.PngImagePlugin.PngImageFile image mode=RGBA size=200x200 at 0x140ED21F0>,c700f3c3e1e1f3f3,14
16,<PIL.PngImagePlugin.PngImageFile image mode=RGBA size=200x200 at 0x140E8C820>,f08031e010f9fbe7,14
205,<PIL.PngImagePlugin.PngImageFile image mode=RGBA size=200x200 at 0x140ED9BB0>,fcc000000efefdfd,14
11,<PIL.PngImagePlugin.PngImageFile image mode=RGBA size=200x200 at 0x140DD2520>,fcf8f9e1893bf3e1,14
92,<PIL.PngImagePlugin.PngImageFile image mode=RGBA size=200x200 at 0x140E9C160>,e10c0f8f8f8f83c7,14
64,<PIL.PngImagePlugin.PngImageFile image mode=RGBA size=200x200 at 0x140E97D90>,e38f0701c0e1e39f,14
194,<PIL.PngImagePlugin.PngImageFile image mode=RGBA size=200x200 at 0x140ED5DC0>,f3e3f1f3f70700fc,14
103,<PIL.PngImagePlugin.PngImageFile image mode=RGBA size=200x200 at 0x140EA6550>,f3f3f2f01107e3e3,14
150,<PIL.PngImagePlugin.PngImageFile image mode=RGBA size=200x200 at 0x140EB9D90>,e18103e3e1e1e0e1,14
96,<PIL.PngImagePlugin.PngImageFile image mode=RGBA size=200x200 at 0x140EA6F70>,e78787edeceec103,15
321,<PIL.PngImagePlugin.PngImageFile image mode=RGBA size=200x200 at 0x140F109A0>,c10f8f8f878190f3,15
144,<PIL.PngImagePlugin.PngImageFile image mode=RGBA size=200x200 at 0x140EB97F0>,e1c7cfe7e48167e3,15
43,<PIL.PngImagePlugin.PngImageFile image mode=RGBA size=200x200 at 0x140DBA460>,efd99c3c3c0485fb,15
86,<PIL.PngImagePlugin.PngImageFile image mode=RGBA size=200x200 at 0x140E9C760>,cf6e6d233f7f3d01,15
87,<PIL.PngImagePlugin.PngImageFile image mode=RGBA size=200x200 at 0x140E9F820>,3f3c38000cbdf9fb,15
98,<PIL.PngImagePlugin.PngImageFile image mode=RGBA size=200x200 at 0x140EAB8E0>,fe411f7f670300e5,15
300,<PIL.PngImagePlugin.PngImageFile image mode=RGBA size=200x200 at 0x140F08F10>,830f8f87819888fd,15
361,<PIL.PngImagePlugin.PngImageFile image mode=RGBA size=200x200 at 0x140F25A60>,efc7c0a1333f1f3f,15
335,<PIL.PngImagePlugin.PngImageFile image mode=RGBA size=200x200 at 0x140F18760>,cf87efdfff800001,15
362,<PIL.PngImagePlugin.PngImageFile image mode=RGBA size=200x200 at 0x140F29DF0>,c180c0f9f3e79f3f,15
311,<PIL.PngImagePlugin.PngImageFile image mode=RGBA size=200x200 at 0x140EF0B80>,efc30100c0e1f1f3,15
100,<PIL.PngImagePlugin.PngImageFile image mode=RGBA size=200x200 at 0x140E9FB20>,c1019888d8f8f8fd,15
149,<PIL.PngImagePlugin.PngImageFile image mode=RGBA size=200x200 at 0x140EC00A0>,e381c3f1f8f8f8f8,15
119,<PIL.PngImagePlugin.PngImageFile image mode=RGBA size=200x200 at 0x140EAE0D0>,f1e5e7cf973f2060,15
65,<PIL.PngImagePlugin.PngImageFile image mode=RGBA size=200x200 at 0x140E97E80>,f9813901390d9cfc,15
134,<PIL.PngImagePlugin.PngImageFile image mode=RGBA size=200x200 at 0x140EAE5E0>,e3cfb8000cfdf9f3,15
81,<PIL.PngImagePlugin.PngImageFile image mode=RGBA size=200x200 at 0x140E9F850>,f9e0c000fcfdf9f3,15
113,<PIL.PngImagePlugin.PngImageFile image mode=RGBA size=200x200 at 0x140EAE4C0>,e6dcd99ddd7d0181,15
115,<PIL.PngImagePlugin.PngImageFile image mode=RGBA size=200x200 at 0x140EB2E80>,f9c08424361481fd,15
55,<PIL.PngImagePlugin.PngImageFile image mode=RGBA size=200x200 at 0x140E8A760>,f1c0841cfcfdfdfc,15
315,<PIL.PngImagePlugin.PngImageFile image mode=RGBA size=200x200 at 0x140F10D60>,e7c8d0b01d058bf7,15
327,<PIL.PngImagePlugin.PngImageFile image mode=RGBA size=200x200 at 0x140F13220>,efcfcf8f27242133,15
95,<PIL.PngImagePlugin.PngImageFile image mode=RGBA size=200x200 at 0x140EA3580>,c3c7efefc007efe7,15
310,<PIL.PngImagePlugin.PngImageFile image mode=RGBA size=200x200 at 0x140F06460>,cc1c9c9b9f9f9f9f,15
66,<PIL.PngImagePlugin.PngImageFile image mode=RGBA size=200x200 at 0x140E97A30>,f7e7e594950541f0,15
286,<PIL.PngImagePlugin.PngImageFile image mode=RGBA size=200x200 at 0x140EFC070>,83111888d8fcfcfc,15
152,<PIL.PngImagePlugin.PngImageFile image mode=RGBA size=200x200 at 0x140EB82B0>,c3070f0f8c070f8f,15
190,<PIL.PngImagePlugin.PngImageFile image mode=RGBA size=200x200 at 0x140ED2130>,c3131f1f190f1f9f,15
192,<PIL.PngImagePlugin.PngImageFile image mode=RGBA size=200x200 at 0x140ED2460>,e1c3e7e7e1e023f3,15
250,<PIL.PngImagePlugin.PngImageFile image mode=RGBA size=200x200 at 0x140EF0220>,e38327c7c7cec087,15
193,<PIL.PngImagePlugin.PngImageFile image mode=RGBA size=200x200 at 0x140ED5BB0>,bf3f380080ddf9fb,15
247,<PIL.PngImagePlugin.PngImageFile image mode=RGBA size=200x200 at 0x140EEA730>,fec424647404fcfc,15
12,<PIL.PngImagePlugin.PngImageFile image mode=RGBA size=200x200 at 0x140A499A0>,94800000fefeffff,15
244,<PIL.PngImagePlugin.PngImageFile image mode=RGBA size=200x200 at 0x140EF0340>,93838119f7c0f9fb,15
384,<PIL.PngImagePlugin.PngImageFile image mode=RGBA size=200x200 at 0x140F2E550>,fca000001cfcfdfd,15
198,<PIL.PngImagePlugin.PngImageFile image mode=RGBA size=200x200 at 0x140ED52E0>,b1319989d9f3f9f8,15
72,<PIL.PngImagePlugin.PngImageFile image mode=RGBA size=200x200 at 0x140E9CE50>,e7869c1edefe600f,15
5,<PIL.PngImagePlugin.PngImageFile image mode=RGBA size=200x200 at 0x140E8CA60>,37270f0f8f83909f,15
238,<PIL.PngImagePlugin.PngImageFile image mode=RGBA size=200x200 at 0x140EEA160>,f2e6ce92211b1387,15
388,<PIL.PngImagePlugin.PngImageFile image mode=RGBA size=200x200 at 0x140F3F880>,f3cf81f9f76c04d9,15
233,<PIL.PngImagePlugin.PngImageFile image mode=RGBA size=200x200 at 0x140EEAF70>,cf0767e1e7e7c081,15
208,<PIL.PngImagePlugin.PngImageFile image mode=RGBA size=200x200 at 0x140ED9760>,f3e3c13cfde180fe,15
227,<PIL.PngImagePlugin.PngImageFile image mode=RGBA size=200x200 at 0x140EE6310>,dfdf8fdfbc000667,15
225,<PIL.PngImagePlugin.PngImageFile image mode=RGBA size=200x200 at 0x140EE6EE0>,f8c0800dfdfbf3f7,15
224,<PIL.PngImagePlugin.PngImageFile image mode=RGBA size=200x200 at 0x140EDB8E0>,bf272727230010b9,15
218,<PIL.PngImagePlugin.PngImageFile image mode=RGBA size=200x200 at 0x140EDBF40>,9c800006defeffff,15
189,<PIL.PngImagePlugin.PngImageFile image mode=RGBA size=200x200 at 0x140EC3BE0>,c7038181c1e1e1e0,15
257,<PIL.PngImagePlugin.PngImageFile image mode=RGBA size=200x200 at 0x140EF49D0>,c3079999fbc080fb,15
22,<PIL.PngImagePlugin.PngImageFile image mode=RGBA size=200x200 at 0x140DE0970>,dcc400fcf3f0fcfb,15
187,<PIL.PngImagePlugin.PngImageFile image mode=RGBA size=200x200 at 0x140ED26D0>,9f3c39393939131f,15
290,<PIL.PngImagePlugin.PngImageFile image mode=RGBA size=200x200 at 0x140F06970>,e7c0c7e7e7c118c9,15
289,<PIL.PngImagePlugin.PngImageFile image mode=RGBA size=200x200 at 0x140EFB6A0>,e3e3e2c103e3e3f7,15
155,<PIL.PngImagePlugin.PngImageFile image mode=RGBA size=200x200 at 0x140EC3F40>,fe7c7078183801b9,15
68,<PIL.PngImagePlugin.PngImageFile image mode=RGBA size=200x200 at 0x140E8A790>,d3001f1f1f1f1f3f,15
344,<PIL.PngImagePlugin.PngImageFile image mode=RGBA size=200x200 at 0x140F18250>,e7056777773783c0,15
160,<PIL.PngImagePlugin.PngImageFile image mode=RGBA size=200x200 at 0x140EC3430>,9f93030bfbfbf8f8,15
164,<PIL.PngImagePlugin.PngImageFile image mode=RGBA size=200x200 at 0x140EC5E50>,e101008898f8f9fb,15
277,<PIL.PngImagePlugin.PngImageFile image mode=RGBA size=200x200 at 0x140EFB640>,e3c7d9213be780fc,15
165,<PIL.PngImagePlugin.PngImageFile image mode=RGBA size=200x200 at 0x140E91580>,f090181898f9f9fb,15
151,<PIL.PngImagePlugin.PngImageFile image mode=RGBA size=200x200 at 0x140EB8E50>,e3cbcfc0c76fc383,15
355,<PIL.PngImagePlugin.PngImageFile image mode=RGBA size=200x200 at 0x140F25DF0>,932741dbe3c0fdf3,15
373,<PIL.PngImagePlugin.PngImageFile image mode=RGBA size=200x200 at 0x140F34B50>,7e0407dfdfd7d3c3,15
375,<PIL.PngImagePlugin.PngImageFile image mode=RGBA size=200x200 at 0x140F1B7C0>,3d0000008cfefffd,15
177,<PIL.PngImagePlugin.PngImageFile image mode=RGBA size=200x200 at 0x140ECEA30>,f7c787cfcf07f1f8,15
346,<PIL.PngImagePlugin.PngImageFile image mode=RGBA size=200x200 at 0x140F1BC40>,efd9f0e46636158b,15
266,<PIL.PngImagePlugin.PngImageFile image mode=RGBA size=200x200 at 0x140EF5490>,e3c0fcfdf3cf9f7f,15
181,<PIL.PngImagePlugin.PngImageFile image mode=RGBA size=200x200 at 0x140EC0280>,bf1d000080fdfdfb,15
263,<PIL.PngImagePlugin.PngImageFile image mode=RGBA size=200x200 at 0x140EEC2B0>,f8e080043efefdfd,15
261,<PIL.PngImagePlugin.PngImageFile image mode=RGBA size=200x200 at 0x140EF5EB0>,cf8c880001f3f3e7,15
75,<PIL.PngImagePlugin.PngImageFile image mode=RGBA size=200x200 at 0x140E9FAC0>,f9c0c4e7efef8003,15
274,<PIL.PngImagePlugin.PngImageFile image mode=RGBA size=200x200 at 0x140EFCC70>,878ffffce301c0f1,15
84,<PIL.PngImagePlugin.PngImageFile image mode=RGBA size=200x200 at 0x140E972B0>,f8803c003c3c1c9e,15
219,<PIL.PngImagePlugin.PngImageFile image mode=RGBA size=200x200 at 0x140EDB520>,8318181919f1f3f3,16
53,<PIL.PngImagePlugin.PngImageFile image mode=RGBA size=200x200 at 0x140E8A340>,e1c1efefcfdf8000,16
50,<PIL.PngImagePlugin.PngImageFile image mode=RGBA size=200x200 at 0x140E8A4F0>,e09c203c3c84fdfd,16
41,<PIL.PngImagePlugin.PngImageFile image mode=RGBA size=200x200 at 0x140DBAF70>,e59838381c8cf9fb,16
40,<PIL.PngImagePlugin.PngImageFile image mode=RGBA size=200x200 at 0x140DBAB50>,e7efe11cfde8800e,16
377,<PIL.PngImagePlugin.PngImageFile image mode=RGBA size=200x200 at 0x140F1B8E0>,8f0fcfefcfd88081,16
27,<PIL.PngImagePlugin.PngImageFile image mode=RGBA size=200x200 at 0x140CA3670>,7f6e5e4e66363e3e,16
21,<PIL.PngImagePlugin.PngImageFile image mode=RGBA size=200x200 at 0x140A66AF0>,b3b39bb78f9f1031,16
10,<PIL.PngImagePlugin.PngImageFile image mode=RGBA size=200x200 at 0x140E91F40>,bf0000b0fafefdfd,16
389,<PIL.PngImagePlugin.PngImageFile image mode=RGBA size=200x200 at 0x140F3FCD0>,e3e7fbc181f7001c,16
59,<PIL.PngImagePlugin.PngImageFile image mode=RGBA size=200x200 at 0x140E97910>,e1983c3c1c1c81fb,16
353,<PIL.PngImagePlugin.PngImageFile image mode=RGBA size=200x200 at 0x140F1B760>,ef8f8fcfdf810001,16
128,<PIL.PngImagePlugin.PngImageFile image mode=RGBA size=200x200 at 0x140EB6700>,e098181898f9f9f9,16
70,<PIL.PngImagePlugin.PngImageFile image mode=RGBA size=200x200 at 0x140E80760>,efe080041cfdf9fb,16
269,<PIL.PngImagePlugin.PngImageFile image mode=RGBA size=200x200 at 0x140EFC1F0>,e1111998c8f8f8fd,16
267,<PIL.PngImagePlugin.PngImageFile image mode=RGBA size=200x200 at 0x140EFCB20>,e7c0c7e7efc11103,16
260,<PIL.PngImagePlugin.PngImageFile image mode=RGBA size=200x200 at 0x140EF5E50>,cf8fcfe7c78f0000,16
258,<PIL.PngImagePlugin.PngImageFile image mode=RGBA size=200x200 at 0x140EF0B20>,8307c7b73733f0f1,16
256,<PIL.PngImagePlugin.PngImageFile image mode=RGBA size=200x200 at 0x140EF0D60>,3f3f3f3f3f9f0340,16
191,<PIL.PngImagePlugin.PngImageFile image mode=RGBA size=200x200 at 0x140ECE460>,3e3800049dfbf3e7,16
248,<PIL.PngImagePlugin.PngImageFile image mode=RGBA size=200x200 at 0x140EEC970>,e383f7efbc380489,16
176,<PIL.PngImagePlugin.PngImageFile image mode=RGBA size=200x200 at 0x140ECC340>,c3b03818f8f8f8f8,16
245,<PIL.PngImagePlugin.PngImageFile image mode=RGBA size=200x200 at 0x140EE6A00>,cfc5c7cfcf832183,16
241,<PIL.PngImagePlugin.PngImageFile image mode=RGBA size=200x200 at 0x140EECF40>,810000fcfdfdfbfb,16
203,<PIL.PngImagePlugin.PngImageFile image mode=RGBA size=200x200 at 0x140ED96A0>,e1901818f8f8f8f9,16
239,<PIL.PngImagePlugin.PngImageFile image mode=RGBA size=200x200 at 0x140EE67C0>,bf1f0fc7e3f1f8fc,16
236,<PIL.PngImagePlugin.PngImageFile image mode=RGBA size=200x200 at 0x140EECC10>,bf1e8d25f3f3f3f3,16
234,<PIL.PngImagePlugin.PngImageFile image mode=RGBA size=200x200 at 0x140EEA670>,df97a7474f0f00e1,16
209,<PIL.PngImagePlugin.PngImageFile image mode=RGBA size=200x200 at 0x140EDCD30>,7f7000008cfdfbfb,16
222,<PIL.PngImagePlugin.PngImageFile image mode=RGBA size=200x200 at 0x140EDBC40>,e7c1e7e7e3a1188c,16
197,<PIL.PngImagePlugin.PngImageFile image mode=RGBA size=200x200 at 0x140ECE220>,e19018199898f8f9,16
175,<PIL.PngImagePlugin.PngImageFile image mode=RGBA size=200x200 at 0x140EC5BE0>,e1981898f8f8f8f9,16
174,<PIL.PngImagePlugin.PngImageFile image mode=RGBA size=200x200 at 0x140EC0C40>,e1c83c3c3c1c1c9e,16
166,<PIL.PngImagePlugin.PngImageFile image mode=RGBA size=200x200 at 0x140EB8610>,80003c3c1c9cfcfc,16
345,<PIL.PngImagePlugin.PngImageFile image mode=RGBA size=200x200 at 0x140F1CEB0>,8f1f3000fdf9f8fc,16
90,<PIL.PngImagePlugin.PngImageFile image mode=RGBA size=200x200 at 0x140EA3430>,efc7e7dfbf2f0003,16
91,<PIL.PngImagePlugin.PngImageFile image mode=RGBA size=200x200 at 0x140EA6C40>,e30180c1c1810387,16
99,<PIL.PngImagePlugin.PngImageFile image mode=RGBA size=200x200 at 0x140EABCD0>,c301111898fcfcfc,16
106,<PIL.PngImagePlugin.PngImageFile image mode=RGBA size=200x200 at 0x140EAE9A0>,e303119898f8f8f9,16
322,<PIL.PngImagePlugin.PngImageFile image mode=RGBA size=200x200 at 0x140F13820>,dfcfefefdf8f0001,16
320,<PIL.PngImagePlugin.PngImageFile image mode=RGBA size=200x200 at 0x140F0C460>,e7c7c7e7cfdf8000,16
107,<PIL.PngImagePlugin.PngImageFile image mode=RGBA size=200x200 at 0x140EAEFD0>,c311119898f8f8f9,16
109,<PIL.PngImagePlugin.PngImageFile image mode=RGBA size=200x200 at 0x140EA65B0>,85800000f8fdfbfb,16
220,<PIL.PngImagePlugin.PngImageFile image mode=RGBA size=200x200 at 0x140EE6A90>,9f8f4dcbc723f1fc,16
129,<PIL.PngImagePlugin.PngImageFile image mode=RGBA size=200x200 at 0x140EB2580>,c0181898f9f9f9fb,16
131,<PIL.PngImagePlugin.PngImageFile image mode=RGBA size=200x200 at 0x140EB9E20>,e38f30009cfdf9e7,16
139,<PIL.PngImagePlugin.PngImageFile image mode=RGBA size=200x200 at 0x140EB8EB0>,c118180899f9f9f9,16
299,<PIL.PngImagePlugin.PngImageFile image mode=RGBA size=200x200 at 0x140F08DF0>,9f800000fcfcfefd,16
140,<PIL.PngImagePlugin.PngImageFile image mode=RGBA size=200x200 at 0x140EB8280>,e1313111b9f8f8f1,16
141,<PIL.PngImagePlugin.PngImageFile image mode=RGBA size=200x200 at 0x140EB87F0>,800008fcfdf9fbf3,16
285,<PIL.PngImagePlugin.PngImageFile image mode=RGBA size=200x200 at 0x140F03070>,c1800000f8fdf9fb,16
352,<PIL.PngImagePlugin.PngImageFile image mode=RGBA size=200x200 at 0x140F1CAC0>,93eb870fefe680a3,16
196,<PIL.PngImagePlugin.PngImageFile image mode=RGBA size=200x200 at 0x140ED5640>,e3e181e1f1f1f9f9,16
